{
  "min": -1.0,
  "max": 0.7185236215591431,
  "mean": -0.9319099187850952,
  "std": 0.17690761387348175,
  "quartiles": [
    -1.0,
    -1.0,
    -1.0,
    -0.8592618107795715,
    0.7185236215591431
  ],
  "tau_s_pos": 0.35,
  "tau_s_neg": 0.6,
  "count_ge_tau_s_pos": 114,
  "count_le_tau_s_neg": 10974,
  "histogram": {
    "bins": [
      -1.0,
      -0.8,
      -0.6,
      -0.3999999999999999,
      -0.19999999999999996,
      0.0,
      0.20000000000000018,
      0.40000000000000013,
      0.6000000000000001,
      0.8,
      1.0
    ],
    "counts": [
      10781,
      193,
      32,
      25,
      25,
      0,
      13,
      99,
      15,
      0
    ]
  }
}