{
  "AUROC": 0.8051056338028169,
  "AUPRC": 0.013852814540121043,
  "best_branch": "6ABCD"
}